業種(飲食業）,業種（宿泊業）,施設名称,施設名称カナ,施設郵便番号,施設住所,施設住所(方書),認証日,施設住所市町村,緯度,経度
,〇,R・ライズ,アール・ライズ,9900731,西川町大字月岡435-1,,2021/8/2,西川町,38.40242988,139.9952167
〇,〇,あいかも会館,アイカモカイカン,9950003,村山市大字本飯田1477,,2021/11/26,村山市,38.52622123,140.3769974
,〇,赤湯温泉　丹波館,アカユオンセン　タンバカン,9992211,南陽市赤湯1014,,2021/9/14,南陽市,38.05028296,140.1678488
,〇,朝日山の家,アサヒヤマノイエ,9900721,西川町大字大井沢1807-1,,2021/8/25,西川町,38.40111504,139.9940528
,〇,旭屋旅館,アサヒヤリョカン,9920076,米沢市小野川町2437-1,,2021/11/10,米沢市,37.880666,140.0547033
,〇,あったまりランド深堀　宿泊施設　虹の館,アッタマリランドフカボリ　シュクハクシセツ　ニジノヤカタ,9994134,大石田町大字豊田884-1,,2021/8/31,大石田町,38.5991169,140.3572764
,〇,あつみ温泉高見屋別邸久遠,アツミオンセンタカミヤベッテイクオン,9997204,鶴岡市湯温海字湯之尻83-3,,2021/10/7,鶴岡市,38.61735458,139.6010933
,〇,あつみホテル　温海荘,アツミホテルアツミソウ,9997204,鶴岡市湯温海甲188,,2021/5/8,鶴岡市,38.61614517,139.6089503
,〇,アパホテル〈山形駅前大通〉,アパホテルヤマガタエキマエオオドオリ,9900031,山形市十日町4-1-8,,2021/8/24,山形市,38.2461153,140.3336646
,〇,アパホテル〈山形鶴岡駅前〉,アパホテルヤマガタツルオカエキマエ,9970015,鶴岡市末広町5-20,,2021/9/24,鶴岡市,38.73923087,139.8353608
〇,〇,アルブ天元台,アルブテンゲンダイ,9921461,米沢市大字李山12118-6,,2021/6/18,米沢市,37.77489031,140.1349013
〇,〇,粋の宿　招湯苑,イキノヤド　ショウトウエン,9920039,米沢市門東町1-4-5,,2021/7/16,米沢市,37.90699414,140.1083263
,〇,いこいの宿　農,イコイノヤド　ノウ,9970023,鶴岡市鳥居町34-16,,2021/5/27,鶴岡市,38.72680572,139.8367095
,〇,石井ペンション,イシイペンション,9993114,上山市永野字蔵王山2427,,2021/7/30,上山市,38.12534001,140.3941433
,〇,いづみ荘,イヅミソウ,9996105,最上町大字富沢1005-7,,2021/5/27,最上町,38.71147879,140.5538365
,〇,いやしの湯『赤倉荘』,イヤシノユ　アカクラソウ,9996105,最上町富澤字湯ノ原819-6,,2021/8/26,最上町,38.70905049,140.555314
,〇,岩清水料理の宿　季の里,イワシミズリョウリのヤド　キノサト,9902301,山形市蔵王温泉1271-20,,2021/6/14,山形市,38.16135386,140.391474
,〇,上杉の御湯　御殿守,ウエスギノオユ　ゴテンモリ,9992211,南陽市赤湯989,,2021/6/28,南陽市,38.050841,140.1683489
〇,〇,卯の花温泉　はぎ乃湯,ウノハナオンセン　ハギノユ,9930075,長井市成田2170-2,,2021/6/24,長井市,38.12036572,140.0330797
,〇,姥湯温泉　桝形屋,ウバユオンセン　マスガタヤ,9921303,米沢市大字大沢姥湯1,,2021/9/10,米沢市,37.76085415,140.2224113
,〇,海辺のお宿　一久,ウミベノオヤド　イッキュウ,9971201,鶴岡市湯野浜1-10-29,,2021/7/16,鶴岡市,38.7811871,139.7520411
,〇,海辺の宿　福住,ウミベノヤド　フクズミ,9971201,鶴岡市湯野浜1-9-31,,2021/6/29,鶴岡市,38.78039459,139.7515489
,〇,うめや旅館,ウメヤリョカン,9920076,米沢市小野川町2494,,2021/10/5,米沢市,37.88080579,140.0542381
,〇,エアポートホテル,エアポートホテル,9940003,天童市柏木町1-10-5,,2021/12/1,天童市,38.36621129,140.3675847
,〇,江戸屋旅館,エドヤリョカン,9900721,西川町大字大井沢1152,,2021/9/15,西川町,38.39093783,139.9938745
,〇,えびすや旅館,エビスヤリョカン,9900734,西川町大字志津2,,2021/9/15,西川町,38.490502,139.9999702
,〇,えびや旅館,エビヤリョカン,9902301,山形市蔵王温泉3,,2021/7/16,山形市,38.16896772,140.3972795
,〇,王将ビジネスホテル,オウショウビジネスホテル,9940022,天童市大字貫津486－1,,2021/11/1,天童市,38.35476135,140.3885996
,〇,桜桃の花　湯坊いちらく,オウトウノハナユボウイチラク,9940025,天童市鎌田本町2-2-21,,2021/5/8,天童市,38.35919723,140.3848927
,〇,太田宝積坊,オオタホウシャクボウ,9970211,鶴岡市羽黒町手向字手向282-2,,2021/11/25,鶴岡市,38.71581895,139.9546557
,〇,大友屋旅館,オオトモヤリョカン,9960301,大蔵村大字南山505,,2021/10/5,大蔵村,38.60716344,140.1663088
〇,〇,大原民宿,オオハラミンシュク,9900721,西川町大井沢1517,,2021/10/22,西川町,38.39573163,139.9942548
,〇,おおみや旅館,オオミヤリョカン,9902301,山形市蔵王温泉46,,2021/6/28,山形市,38.16860456,140.397583
,〇,奥湯野浜温泉　龍の湯,オクユノハマオンセン　タツノユ,9971201,鶴岡市湯野浜2-4-47,,2021/7/13,鶴岡市,38.77974359,139.7559509
〇,〇,お食事処・お泊り処・お湯処　ろばた,オショクジドコロオトマリドコロオユドコロロバタ,9902301,山形市蔵王温泉字川原42-5,,2021/5/8,山形市,38.16765642,140.397037
,〇,変若水の湯つたや,オチミズノユツタヤ,9900734,西川町志津10,,2021/8/25,西川町,38.4911121,140.0008417
,〇,小野川温泉　亀屋万年閣,オノガワオンセン　カメヤマンネンカク,9920076,米沢市小野川町2481,,2021/8/6,米沢市,37.8798951,140.0546016
,〇,小野川温泉　名湯の宿　吾妻荘,オノガワオンセン　メイトウノヤド　アヅマソウ,9920076,米沢市小野川町2471,,2021/5/28,米沢市,37.87975253,140.0551077
,〇,小野川温泉　やな川屋旅館,オノガワオンセン　ヤナガワヤリョカン,9920076,米沢市小野川町2486,,2021/9/15,米沢市,37.88017167,140.0542939
,〇,小野川温泉河鹿荘,オノガワオンセンカジカソウ,9920076,米沢市小野川町2070,,2021/6/25,米沢市,37.87794238,140.0543188
,〇,おふろ好きの宿　旅館　しゃくなげ荘,オフロズキノヤドリョカンシャクナゲソウ,9996105,最上町大字富澤850,,2021/7/30,最上町,38.710129,140.5529197
,〇,お宿　大穀屋,オヤド　ダイコクヤ,9960301,大蔵村南山507,,2021/7/28,大蔵村,38.60729654,140.1661369
,〇,おやど森の音,オヤドモリノネ,9993145,上山市河崎字反田848,,2021/6/16,上山市,38.1507795,140.2631159
,〇,御宿やなだ屋,オヤドヤナダヤ,9994333,尾花沢市大字銀山新畑416,,2021/9/24,尾花沢市,38.56971298,140.531413
,〇,おらが海の家,オラガウミノイエ,9980281,酒田市飛島勝浦乙157,,2021/10/15,酒田市,39.18836087,139.5479986
,〇,温泉民宿　石川,オンセンミンシュク　イシカワ,9997464,鶴岡市由良2-20-18,,2021/6/24,鶴岡市,38.7219685,139.686366
,〇,温泉民宿　真砂子屋,オンセンミンシュク　マサゴヤ,9971201,鶴岡市湯野浜1-19-16,,2021/6/24,鶴岡市,38.78459677,139.7571377
,〇,梅花皮荘,カイラギソウ,9991522,小国町大字小玉川564-1,,2021/8/6,小国町,37.9551472,139.6684374
〇,〇,CASA DE YOSHI,カサデヨシ,9900031,山形市十日町2-3-3,,2021/10/26,山形市,38.24718686,140.3378814
,〇,果実の山　あづま屋,カジツノヤマ　アヅマヤ,9993141,上山市新湯1-23,,2021/6/16,上山市,38.15703616,140.2729286
,〇,果実の山　あづま屋　別館ふじや旅館,カジツノヤマ　アヅマユ　ベッカンフジヤリョカン,9993145,上山市河崎3-8-34,,2021/6/16,上山市,38.1590745,140.2485722
,〇,月山志津温泉　清水屋旅館,ガッサンシヅオンセン　シミズヤリョカン,9900734,西川町志津20,,2021/7/26,西川町,38.49165082,140.0001783
,〇,月山荘,ガッサンソウ,9970032,鶴岡市上畑町10-77,,2021/9/10,鶴岡市,38.73296525,139.8295635
,〇,月山夏スキーと登山の宿ロッヂやつなみ,ガッサンナツスキートトザンノヤドロッヂヤツナミ,9900733,西川町月山沢月山国有林115-2,,2021/6/8,西川町,38.51849297,140.0068684
,〇,月山の宿かしわや,ガッサンノヤドカシワヤ,9900734,西川町志津4,,2021/7/6,西川町,38.49083845,140.00014
,〇,月山ポレポレファーム,ガッサンポレポレファーム,9900733,西川町月山沢347,,2021/7/12,西川町,38.4693592,140.0006387
,〇,月山リゾートイン,ガッサンリゾートイン,9900704,西川町志津姥沢,,2021/7/16,西川町,38.51929552,140.0060209
,〇,割烹　三桝屋,カッポウ　ミマスヤ,9990121,川西町大字上小松1068-10,,2021/9/15,川西町,38.00526201,140.0507092
〇,〇,割烹旅館　さが江屋,カッポウリョカン　サガエヤ,9920351,高畠町大字高畠931,,2021/6/3,高畠町,38.00421013,140.1972575
,〇,割烹旅館　福よし,カッポウリョカン　フクヨシ,9910031,寒河江市本町1-5-13,,2021/10/26,寒河江市,38.37382112,140.2756937
,〇,割烹旅館　吉本,カッポウリョカン　ヨシモト,9910031,寒河江市本町2-1-23,,2021/6/17,寒河江市,38.37482075,140.2770248
,〇,割烹旅館・ビジネスホテル　よしのや,カッポウリョカン・ビジネスホテル　ヨシノヤ,9992174,高畠町大字福沢417-12,,2021/10/5,高畠町,37.9921948,140.1520857
,〇,加登屋旅館,カトヤリョカン,9995205,鮭川村大字中渡1312,,2021/8/6,鮭川村,38.81498795,140.1519869
,〇,株式会社カキザキ　ニューグランドホテル,カブシキガイシャカキザキ　ニューグランドホテル,9960025,新庄市若葉町4-23,,2021/6/24,新庄市,38.75863907,140.3050849
,〇,亀や,カメヤ,9971201,鶴岡市湯野浜1-5-50,,2021/5/12,鶴岡市,38.77701074,139.7496992
,〇,川西町浴浴センターまどか,カワニシマチヨクヨクセンターマドカ,9990121,川西町大字上小松5095-36,,2021/9/14,川西町,38.00197708,140.0314806
,〇,簡易宿泊施設　おらだずの宿　りんどう,カンイシュクハクシセツ　オラダズノヤド　リンドウ,9996211,最上町大字大堀679,,2021/6/30,最上町,38.75316333,140.4702301
,〇,喜至楼,キシロウ,9996211,最上町大字大堀988,,2021/6/22,最上町,38.75382406,140.412848
,〇,木村屋旅館,キムラヤリョカン,9960301,大蔵村南山532,,2021/6/28,大蔵村,38.606361,140.1651227
,〇,休暇村　庄内羽黒,キュウカムラ　ショウナイハグロ,9970211,鶴岡市羽黒町手向字羽黒山8,,2021/7/28,鶴岡市,38.69028739,139.9839141
,〇,協同の杜JA研修所(一般財団法人地域協同社会研究センター),キョウドウノモリジェイエーケンシュウジョ(イッパンザイダンホウジンチイキキョウドウケンキュウセンター),9902375,山形市東古館123,,2021/11/19,山形市,38.2655842,140.2736446
,〇,木林森カフェ・B&B,キリンモリカフェ　ビーアンドビー,9920832,白鷹町大字荒砥乙557-5,,2021/6/16,白鷹町,38.18291528,140.1044712
,〇,金生舘,キンセイカン,9960301,大蔵村大字南山2156-1,,2021/12/3,大蔵村,38.60758898,140.1548466
,〇,クアハウス碁点,クアハウスゴテン,9950209,村山市碁点1034-7,,2021/10/25,村山市,38.48488411,140.3444766
,〇,九兵衛旅館,クヘエリョカン,9970752,鶴岡市湯田川乙19,,2021/5/8,鶴岡市,38.69259843,139.7697503
,〇,蔵民宿　あおやぎ,クラミンシュク　アオヤギ,9950203,村山市大槙422,,2021/12/8,村山市,38.49508366,140.3452443
,〇,黒沢温泉　一陽館,クロサワオンセンイチヨウカン,9902311,山形市大字黒沢253-1,,2021/7/8,山形市,38.19217804,140.3021942
,〇,黒沢温泉喜三郎,クロサワオンセンキサブロウ,9902311,山形市大字黒沢319-1,,2021/6/1,山形市,38.1896449,140.3047158
,〇,源泉付客室　浜泉,ゲンセンツキキャクシツ　ハマイズミ,9971201,鶴岡市湯野浜1-12-31,,2021/11/1,鶴岡市,38.7835137,139.7542276
,〇,源泉湯宿　蔵王プラザホテル,ゲンセンユヤド　ザオウプラザホテル,9902301,山形市蔵王温泉2,,2021/6/28,山形市,38.16984795,140.3972299
,〇,五感の湯つるや,ゴカンノユツルヤ,9902301,山形市蔵王温泉710,,2021/8/30,山形市,38.1675751,140.394181
,〇,国民宿舎　竜山荘,コクミンシュクシャ　リュウザンソウ,9902301,山形市蔵王温泉938-4,,2021/7/21,山形市,38.16421959,140.3932407
,〇,こころの宿　一龍,ココロノヤド　イチリョウ,9910031,寒河江市本町1-2-27,,2021/10/11,寒河江市,38.3741875,140.2731456
,〇,古山閣,コザンカク,9994333,尾花沢市大字銀山新畑423,,2021/11/11,尾花沢市,38.56999367,140.5307579
,〇,古勢起屋　別館,コセキヤ　ベッカン,9994333,尾花沢市大字銀山新畑417,,2021/9/24,尾花沢市,38.56965777,140.5315604
,〇,国家公務員共済組合連合会　蔵王保養所,コッカコウムインキョウサイクミアイレンゴウカイ　ザオウホヨウジョ　,9902301,山形市蔵王温泉904‐8,,2021/11/12,山形市,38.16546349,140.3948103
,〇,小林温泉,コバヤシオンセン,9996735,酒田市小林字杉沢117,,2021/5/8,酒田市,38.83325131,140.0102839
,〇,湖畔の宿　五色亭,コハンノヤド　ゴシキテイ,9900734,西川町大字志津120-1,,2021/7/12,西川町,38.49241575,139.9998534
,〇,コンフォートホテル天童,コンフォートホテルテンドウ,9940034,天童市本町1-2-7,,2021/8/20,天童市,38.35895451,140.3702735
,〇,コンフォートホテル山形,コンフォートホテルヤマガタ,9900039,山形市香澄町1-3-12,,2021/8/16,山形市,38.2479131,140.3295298
,〇,彩花亭　時代屋,サイカテイ　ジダイヤ,9993242,上山市葉山9-5,,2021/6/7,上山市,38.14830531,140.260926
,〇,蔵王アストリアホテル,ザオウアストリアホテル,9902301,山形市蔵王温泉字横倉外5,国有林236林班,2021/6/7,山形市,38.158016,140.396932
,〇,蔵王・和歌の宿わかまつや,ザオウウタノヤドワカマツヤ,9902301,山形市蔵王温泉951-1,,2021/6/7,山形市,38.16710605,140.3965552
,〇,蔵王エコー山荘,ザオウエコーサンソウ,9993114,上山市永野字蔵王山2561-1,,2021/7/20,上山市,38.1302421,140.3785196
,〇,蔵王国際ホテル,ザオウコクサイホテル,9902301,山形市蔵王温泉933,,2021/8/16,山形市,38.16264278,140.3969157
,〇,蔵王四季のホテル,ザオウシキノホテル,9902301,山形市蔵王温泉1272,,2021/5/8,山形市,38.16041076,140.3923294
,〇,ZAOセンタープラザ,ザオウセンタープラザ,9902301,山形市蔵王温泉903-2,,2021/5/31,山形市,38.16573756,140.3959077
,〇,蔵王つららぎの宿　花ゆらん,ザオウツララギノヤド　ハナユラン,9902301,山形市蔵王温泉878-12,,2021/8/5,山形市,38.1658446,140.3979959
,〇,蔵王ライザウッディロッジ,ザオウライザウッディロッジ,9993113,上山市蔵王坊平高原,,2021/6/28,上山市,38.12309368,140.4012544
,〇,堺屋森のホテル　ヴァルトベルク,サカイヤモリノホテルヴァルトベルク,9902301,山形市蔵王温泉清水坂889-1,,2021/6/8,山形市,38.16407445,140.3978182
,〇,栄屋ホテル,サカエヤホテル,9940024,天童市鎌田2-3-16,,2021/6/7,天童市,38.35701271,140.3877343
,〇,寒河江屋旅館,サガエヤリョカン,9993242,上山市葉山4-7,,2021/8/24,上山市,38.14835102,140.2635776
〇,〇,酒田　時を奏でる宿　若葉旅館,サカタ　トキヲカナデルヤド　ワカバリョカン,9980043,酒田市本町2-3-9,,2021/11/26,酒田市,38.91355996,139.8364799
,〇,酒田グリーンホテル,サカタグリーンホテル,9980043,酒田市本町1-6-10,,2021/5/25,酒田市,38.91233388,139.8378497
,〇,三木屋参蒼來,サギヤサンソウライ,9993243,上山市高松283,,2021/10/25,上山市,38.1481339,140.2645505
,〇,沢口旅館,サワグチリョカン,9980281,酒田市飛島字勝浦甲73,,2021/9/21,酒田市,39.1907102,139.5495656
,〇,しおさい荘,シオサイソウ,9997126,鶴岡市鼠ヶ関乙45,,2021/6/25,鶴岡市,38.55715791,139.5458203
〇,〇,四季の里　幸新館,シキノサト　コウシンカン,9920351,高畠町高畠3701,,2021/5/21,高畠町,38.0043657,140.1977517
,〇,四季の森「しらい自然館」,シキノモリ「シライシゼンカン」,9998304,遊佐町白井新田字見晴野21,,2021/7/2,遊佐町,39.0379042,139.95534
,〇,四季の宿　まごろく,シキノヤド　マゴロク,9996211,最上町大字大堀1001,,2021/6/23,最上町,38.7541242,140.4119253
,〇,四季の宿松屋,シキノヤドマツヤ,9960301,大蔵村大字南山498,,2021/6/4,大蔵村,38.60734365,140.1665737
,〇,地蔵の湯旅館,ジゾウノユリョカン,9980043,酒田市本町3-3-11,,2021/9/8,酒田市,38.91361683,139.8348257
,〇,しまづ旅館,シマヅリョカン,9993153,上山市十日町1-10,,2021/9/8,上山市,38.1556687,140.2772083
〇,〇,宿泊食堂　利久,シュクハクショクドウ　リキュウ,9902301,山形市蔵王温泉34,,2021/6/14,山形市,38.16795507,140.3965785
,〇,宿坊　神林勝金,シュクボウ　カンバヤシカツカネ,9970211,鶴岡市羽黒町手向字手向３,,2021/11/25,鶴岡市,38.70528392,139.9645934
,〇,SHONAI HOTEL SUIDEN TERRASSE,ショウナイホテル　スイデンテラス,9970053,鶴岡市北京田下鳥ノ巣23‐1,,2021/10/25,鶴岡市,38.74646667,139.8222041
,〇,松伯亭あづま荘,ショウハクテイアヅマソウ,9940024,天童市鎌田2-2-1,,2021/8/10,天童市,38.35791929,140.3872326
,〇,昭和館,ショウワカン,9994333,尾花沢市大字銀山新畑420,,2021/10/20,尾花沢市,38.56986041,140.5311473
,〇,食彩の宿　おくやま,ショクサイノヤド　オクヤマ,9960025,新庄市若葉町14-6,新庄市若葉町14-6,2021/8/31,新庄市,38.76107321,140.3018118
,〇,白川温泉　白川荘,シラカワオンセン　シラカワソウ,9990424,飯豊町大字数馬218-1,,2021/10/22,飯豊町,37.92958062,139.9003051
〇,〇,しらさぎ荘,シラサギソウ,9990605,飯豊町大字添川3020-5,,2021/10/22,飯豊町,38.03474927,140.0140962
,〇,白布温泉　東屋,シラブオンセン　ヒガシヤ,9921472,米沢市大字関1537,,2021/9/24,米沢市,37.78004191,140.1198136
,〇,新高湯温泉　吾妻屋旅館,シンタカユオンセン　アヅマヤリョカン,9921472,米沢市大字関3934,,2021/9/24,米沢市,37.77151316,140.1322675
,〇,スーパーホテル山形駅西口天然温泉,スーパーホテルヤマガタエキニシグチテンネンオンセン,9900828,山形市双葉町1-10-18,,2021/6/29,山形市,38.2469543,140.3227416
,〇,スーパーホテル山形 さくらんぼ東根駅前,スーパーホテルヤマガタサクランボヒガシネエキマエ,9993720,東根市さくらんぼ駅前2-17-21,,2021/5/20,東根市,38.4283927,140.3851697
,〇,スーパーホテル山形・鶴岡,スーパーホテルヤマガタツルオカ,9970011,鶴岡市宝田1-8-51,,2021/9/9,鶴岡市,38.74147707,139.8315221
,〇,鈴の宿　登府屋旅館,スズノヤド　トウフヤリョカン,9920076,米沢市小野川町2493,,2021/6/15,米沢市,37.88069319,140.0541364
,〇,ステイインホテルズ　材木栄屋,ステイインホテルズ　ザイモクサカエヤ,9993141,上山市新湯6-11,,2021/9/22,上山市,38.1581523,140.2723146
,〇,青松館,セイショウカン,9993702,東根市温泉町1-20-1,,2021/11/5,東根市,38.45663652,140.3946524
,〇,石亭　小松,セキテイ　コマツ,9993702,東根市温泉町2-11-1,,2021/7/29,東根市,38.46035908,140.3917386
,〇,仙峡の宿　銀山荘,センキョウノヤド　ギンザンソウ,9994333,尾花沢市大字銀山新畑85,,2021/9/24,尾花沢市,38.57225824,140.5283995
,〇,仙渓園　月岡ホテル,センケイエン　ツキオカホテル,9993141,上山市新湯1-33,,2021/6/28,上山市,38.1580529,140.2739343
,〇,仙荘　湯田川,センソウユタガワ,9970752,鶴岡市湯田川乙13,,2021/5/14,鶴岡市,38.69264229,139.7692575
,〇,セントラルホテル,セントラルホテル,9960023,新庄市沖の町10-4,,2021/6/1,新庄市,38.76375125,140.3013751
,〇,だいちゃん農園ゲストハウス,ダイチャンノウエンゲストハウス,9901302,朝日町大字玉ノ井丁202,,2021/7/29,朝日町,38.3259906,140.1562586
,〇,大二館,ダイニカン,9993702,東根市温泉町2-10-1,,2021/10/11,東根市,38.4592769,140.3924931
〇,〇,大丸屋旅館／Daimaruya CAFE,ダイマルヤリョカン／ダイマルヤカフェ,9901442,朝日町大字宮宿1178,,2021/12/7,朝日町,38.30162193,140.1496615
,〇,ダイワロイネットホテル山形駅前,ダイワロイネットホテルヤマガタエキマエ,9900038,山形市幸町2-9,,2021/12/14,山形市,38.24742012,140.3296996
,〇,高砂屋旅館,タカサゴヤリョカン,9920076,米沢市小野川町2427,,2021/12/6,米沢市,37.879921,140.055144
,〇,鷹野湯温泉　パレス松風,タカノユオンセン　パレスショウフウ,9920821,白鷹町十王5687-8,,2021/9/9,白鷹町,38.19470261,140.1113166
,〇,タガマヤ村,タガマヤムラ,9900406,中山町柳沢41,,2021/10/8,中山町,38.32699084,140.255065
,〇,タカミヤビレッジホテル樹林,タカミヤビレッジホテルジュリン,9902301,山形市蔵王温泉上ノ台814,,2021/5/31,山形市,38.1697334,140.4009823
,〇,高見屋最上川別邸紅,タカミヤモガミガワベッテイベニ,9996401,戸沢村古口3058,,2021/9/14,戸沢村,38.7660987,140.053166
,〇,たかみや瑠璃倶楽リゾート,タカミヤルリクラリゾート,9902301,山形市蔵王温泉三度川1118-7,,2021/9/22,山形市,38.16128044,140.3939476
,〇,田代館,タシロカン,9996105,最上町大字富澤892,,2021/7/16,最上町,38.71205401,140.5538256
〇,〇,田代地区多目的交流館　(たしろ亭),タシロチクタモクタキコウリョウカン　タシロテイ,9900503,寒河江市大字田代370-1,,2021/7/15,寒河江市,38.4484937,140.2335539
,〇,タスパークホテル,タスパークホテル,9930011,長井市館町北6-27,,2021/7/19,長井市,38.101389,140.0433253
,〇,たちばなや,タチバナヤ,9997204,鶴岡市湯温海丁3,,2021/7/27,鶴岡市,38.61538463,139.6056166
,〇,玉乃屋,タマノヤ,9960301,大蔵村大字南山466-6,,2021/7/29,大蔵村,38.60850096,140.1669493
,〇,珠玉や,タマヤ,9970752,鶴岡市湯田川乙39,,2021/8/5,鶴岡市,38.69301819,139.7695002
,〇,田麦荘,タムギソウ,9970532,鶴岡市田麦俣字清水尻12-6,,2021/10/6,鶴岡市,38.57373276,139.9208031
,〇,丹泉ホテル,タンセンホテル,9992211,南陽市赤湯988,,2021/8/2,南陽市,38.0505776,140.1689681
,〇,チェリーパークホテル,チェリーパークホテル,9910041,寒河江市大字寒河江字久保15-2,,2021/10/11,寒河江市,38.3636641,140.2582695
,〇,中央旅館,チュウオウリョカン,9980281,酒田市飛島字勝浦甲36,,2021/10/19,酒田市,39.1894491,139.548747
,〇,鳥海自然文化館　遊楽里,チョウカイシゼンブンカカンユラリ,9998531,遊佐町吹浦字西浜2-76,,2021/5/26,遊佐町,39.0666959,139.874333
,〇,鳥海山四合目雲上の宿　大平山荘,チョウカンサンヨンゴウメウンジョウノヤド　オオダイラサンソウ,9998521,遊佐町吹浦字鳥海山,,2021/6/14,遊佐町,39.0988592,140.0440705
,〇,つかさや旅館,ツカサヤリョカン,9970752,鶴岡市湯田川乙52,,2021/10/18,鶴岡市,38.69336679,139.7696527
,〇,月のホテル,ツキノホテル,9980023,酒田市幸町1-10-20,,2021/6/7,酒田市,38.92092508,139.8445405
,〇,つたや旅館,ツタヤリョカン,9991362,小国町緑町3-38,,2021/7/20,小国町,38.058467,139.748508
,〇,釣宿場　長者屋敷,ツリヤド　チョウジャヤシキ,9920472,南陽市宮内4402-28,,2021/8/30,南陽市,38.07023598,140.1564264
,〇,天童グランドホテル舞鶴荘,テンドウグランドホテルマイヅルソウ,9940025,天童市鎌田本町2-4-51,,2021/11/25,天童市,38.358693,140.3833514
,〇,天童セントラルホテル,テンドウセントラルホテル,9940034,天童市本町2-1-31,,2021/12/3,天童市,38.35946725,140.3716118
,〇,天童荘,テンドウソウ,9940024,天童市鎌田2-2-18,,2021/6/10,天童市,38.35896866,140.3863381
,〇,展望露天の湯 有馬館,テンボウロテンノユアリマカン,9993141,上山市新湯6-5,,2021/5/8,上山市,38.15777876,140.2724328
,〇,東京第一ホテル鶴岡,トウキョウダイイチホテルツルオカ,9970031,鶴岡市錦町2-10,,2021/7/21,鶴岡市,38.73900232,139.8327137
,〇,東横イン山形駅西口,トウヨコインヤマガタエキニシグチ,9900827,山形市城南町1-18-13,,2021/5/27,山形市,38.2503168,140.3238929
,〇,東横イン米沢駅前,トウヨコインヨネザワエキマエ,9920026,米沢市東3-5-28,,2021/7/5,米沢市,37.9068028,140.1283624
,〇,とまれ屋旅館,トマレヤリョカン,9960023,新庄市沖の町6-5,,2021/12/6,新庄市,38.76334531,140.3022749
,〇,中屋別館不動閣,ナカヤベッカンフドウカク,9921472,米沢市大字関1514,,2021/9/1,米沢市,37.78174255,140.1183417
,〇,滑川温泉　福島屋,ナメガワオンセン　フクシマヤ,9921303,米沢市大字大沢字滑川15,,2021/10/11,米沢市,37.78224084,140.2273306
,〇,奈良館,ナラカン,9970029,鶴岡市日吉町2-35,,2021/6/14,鶴岡市,38.7362183,139.8361782
,〇,ナリサワペンション,ナリサワペンション,9993114,上山市蔵王坊平高原,,2021/7/21,上山市,38.12544003,140.3936383
,〇,なんようグリーンヒル,ナンヨウグリーンヒル,9920478,南陽市竹原2768-28,,2021/9/8,南陽市,38.06972944,140.0983805
,〇,西本屋旅館,ニシモトヤリョカン,9960301,大蔵村南山522,,2021/7/14,大蔵村,38.60683567,140.1656573
,〇,日本の宿　古窯,ニッポンノヤドコヨウ,9993292,上山市葉山5-20,,2021/5/8,上山市,38.14807364,140.2612348
〇,〇,農家ペンション高瀬,ノウカペンションタカセ,9902241,山形市上東山939,,2021/11/15,山形市,38.27413072,140.4149832
,〇,農家民宿　阿部,ノウカミンシュク　アベ,9996403,戸沢村角川1469,,2021/9/3,戸沢村,38.6872244,140.1603731
,〇,農家民宿　果菜里庵,ノウカミンシュク　カナリアン,9995301,真室川町大字川の内2537,,2021/5/13,真室川町,38.8943879,140.2544909
,〇,農家民宿　三左衛門,ノウカミンシュク　サンザエモン,9996403,戸沢村大字角川1393-7,,2021/9/3,戸沢村,38.6818559,140.1647421
,〇,農家民宿　与惣右エ門,ノウカミンシュク　ヨソウエモン,9996403,戸沢村角川1200,,2021/9/3,戸沢村,38.6628414,140.1682402
,〇,農家民宿　若松屋,ノウカミンシュク　ワカマツヤ,9921471,米沢市大字立石8-1,,2021/6/10,米沢市,37.84643574,140.0900007
〇,〇,農家民宿安食　農家レストラン安食,ノウカミンシュクアジキ　ノウカレストランアジキ,9996314,戸沢村大字松坂348,,2021/8/16,戸沢村,38.7693342,140.1958243
〇,〇,農家民宿はちみつ屋,ノウカミンシュクハチミツヤ,9995521,真室川町大字大沢5599-2,,2021/6/17,真室川町,38.88656919,140.2135583
,〇,農家民宿ほたる,ノウカミンシュクホタル,9996403,戸沢村角川1314,,2021/9/29,戸沢村,38.6766106,140.1641691
,〇,農家民宿まつ乃,ノウカミンシュクマツノ,9995203,鮭川村大字川口956,,2021/8/26,鮭川村,38.7862663,140.2188202
,〇,野口ペンション,ノグチペンション,9993114,上山市永野字蔵王山国有林,,2021/7/30,上山市,38.12480987,140.3938865
,〇,能登屋旅館,ノトヤリョカン,9994333,尾花沢市大字銀山新畑446,,2021/7/9,尾花沢市,38.56937785,140.5315208
,〇,のゝか本郷館,ノノカホンゴウカン,9993702,東根市温泉町2-1-1,,2021/7/6,東根市,38.45872029,140.3915812
〇,〇,はぎ苑,ハギエン,9930075,長井市成田2170-2,,2021/6/24,長井市,38.12022223,140.0332889
,〇,羽黒山　三光院,ハグロサン　サンコウイン,9970211,鶴岡市羽黒町手向字手向92,,2021/11/25,鶴岡市,38.70856553,139.9610606
,〇,橋本荘,ハシモトソウ,9900721,西川町大字大井沢1181-3,,2021/11/18,西川町,38.39394203,139.9947733
,〇,旅籠いとうや,ハタゴイトウヤ,9994333,尾花沢市大字銀山新畑447,,2021/12/2,尾花沢市,38.56926108,140.5318409
,〇,はたごの心　橋本屋,ハタゴノココロハシモトヤ,9993242,上山市葉山4-15,,2021/5/8,上山市,38.14824434,140.26273
,〇,花明りの宿　月の池,ハナアカリノヤド　ツキノイケ,9993156,上山市湯町3-10,,2021/9/14,上山市,38.16039012,140.276238
,〇,華夕美　日本海,ハナユウビ　二ホンカイ,9971117,鶴岡市下川字窪畑1-523,,2021/5/26,鶴岡市,38.78779687,139.7607749
,〇,はまあかり潮音閣,ハマアカリチョウオンカク,9971201,鶴岡市湯野浜1-26-4,,2021/5/18,鶴岡市,38.78233432,139.7538232
,〇,隼人旅館,ハヤトリョカン,9970752,鶴岡市湯田川乙56,,2021/10/18,鶴岡市,38.69362664,139.7693539
,〇,葉山館,ハヤマカン,9993242,上山市葉山5-10,,2021/6/7,上山市,38.14794866,140.2623584
,〇,原ペンション,ハラペンション,9993114,上山市永野字蔵王山国有林241,林班ニ小班,2021/8/24,上山市,38.12570557,140.393277
,〇,はる風,ハルカゼ,9995205,鮭川村大字中渡1793,,2021/7/29,鮭川村,38.80739179,140.1990616
,〇,萬国屋,バンコクヤ,9997204,鶴岡市湯温海丁1,,2021/5/8,鶴岡市,38.61491199,139.6072311
,〇,東根グランドホテル,ヒガシネグランドホテル,9993702,東根市温泉町1-8-1,,2021/7/19,東根市,38.4582252,140.3894365
,〇,肘折温泉　丸屋旅館,ヒジオリオンセン　マルヤリョカン,9960301,大蔵村大字南山519,,2021/9/13,大蔵村,38.60691932,140.1658274
,〇,ビジネスホテル　おかざわ,ビジネスホテル　オカザワ,9900039,山形市香澄町1-14-13,,2021/7/21,山形市,38.24998931,140.3301004
,〇,ビジネスホテル　さくらんぼ,ビジネスホテル　サクランボ,9900039,山形市香澄町3-14-35,,2021/10/22,山形市,38.2450776,140.3291014
,〇,ビジネスホテル　シンシア,ビジネスホテル　シンシア,9930066,長井市台町3761-1,,2021/8/5,長井市,38.09031084,140.0369528
,〇,ビジネスホテルいずくら,ビジネスホテルイズクラ,9940025,天童市鎌田本町3-2-26,,2021/5/8,天童市,38.35763747,140.380134
,〇,ビジネスホテルおもたか,ビジネスホテルオモタカ,9994227,尾花沢市中町2-36,,2021/9/16,尾花沢市,38.60586775,140.4039295
,〇,ビジネスホテル丹泉,ビジネスホテルタンセン,9992241,南陽市郡山1052-8,,2021/11/30,南陽市,38.04563812,140.1502481
,〇,ビジネスホテル中央,ビジネスホテルチュウオウ,9940057,天童市石鳥居1-1-95,,2021/8/6,天童市,38.32027522,140.3683336
,〇,ひなの宿,ヒナノヤド,9993511,河北町谷地字下野269,,2021/7/13,河北町,38.41739897,140.3218678
,〇,ひまわり温泉ゆらら,ヒマワリオンセンユララ,9900402,中山町長崎いずみ1,,2021/7/14,中山町,38.3411599,140.2756369
,〇,美味求真の宿　天童ホテル,ビミキュウシンノヤド　テンドウホテル,9940025,天童市鎌田本町2-1-3,,2021/6/16,天童市,38.35938627,140.3820063
,〇,ひやま山荘,ヒヤマサンソウ,9996105,最上町富澤834-5,,2021/9/7,最上町,38.70796745,140.5514959
,〇,ヒュッテ　ハイジ,ヒュッテ　ハイジ,9993114,上山市永野字蔵王山国有林241,林班ニ小班,2021/7/14,上山市,38.12454243,140.394952
,〇,ヒルズサンピア山形,ヒルズサンピアヤマガタ,9902333,山形市蔵王飯田637,,2021/6/25,山形市,38.21228378,140.335088
,〇,福宝館　漁師の宿,フクホウカン　リョウシノヤド,9971201,鶴岡市湯野浜1-9-34,,2021/6/1,鶴岡市,38.77991014,139.7514565
,〇,プチリゾートホテル　デァ　ヴェルテ,プチリゾートホテル　デァ　ヴェルテ,9902301,山形市蔵王温泉808-5,,2021/12/13,山形市,38.16971793,140.3994479
,〇,ベストウェスタン　ザ　ジャポナイズ米沢,ベストウェスタンザジャポナイズヨネザワ,9920023,米沢市下花沢2-5-22,,2021/5/12,米沢市,37.91959365,140.1203303
,〇,ベストウェスタン山形エアポート,ベストウェスタンヤマガタエアポート,9993720,東根市さくらんぼ駅前2-1-25,,2021/8/23,東根市,38.42842513,140.383974
,〇,別館三春屋,ベッカンミハルヤ,9960301,大蔵村南山494,,2021/9/8,大蔵村,38.60833056,140.1661751
,〇,ペットと泊まれる別館　吾妻園,ペットトトマレルヤド　アヅマエン,9920076,米沢市小野川町2421,,2021/5/28,米沢市,37.8798418,140.0556135
,〇,ペンション　あっぷる,ペンション　アップル,9993112,上山市小倉字大森1968-58,,2021/6/22,上山市,38.15990274,140.3779551
,〇,ペンション　エーデルワイス,ペンション　エーデルワイス,9921461,米沢市大字李山12118-7,,2021/10/29,米沢市,37.77693852,140.1355937
,〇,ペンション　エプロンステージ,ペンション　エプロンステージ,9993112,上山市小倉字大森1968-42,,2021/6/28,上山市,38.15969525,140.3795028
,〇,ペンション　木もれ陽,ペンション　コモレビ,9993112,上山市小倉字大森1968-50,,2021/9/2,上山市,38.15904517,140.3785413
〇,〇,ペンション　櫻,ペンション　サクラ,9993112,上山市小倉字大森1968-55,,2021/7/14,上山市,38.1597055,140.378823
〇,〇,ペンション　スイス,ペンション　スイス,9993112,上山市小倉字大森1968-59,,2021/6/21,上山市,38.15991724,140.3779077
,〇,ペンション　ステラ,ペンション　ステラ,9993112,上山市小倉字大森1968-54,,2021/11/4,上山市,38.15983877,140.3791379
,〇,ペンション　ビートル,ペンション　ビートル,9993112,上山市小倉字大森1968-47,,2021/9/2,上山市,38.15943037,140.3786324
,〇,ペンション　ブラウン,ペンション　ブラウン,9993112,上山市小倉字大森1968-45,,2021/8/4,上山市,38.15957192,140.3791705
,〇,ペンションアミティエ,ペンションアミティエ,9921461,米沢市大字李山12118-17,,2021/9/9,米沢市,37.7769801,140.1351924
,〇,ペンションおもちゃばこ,ペンションオモチャバコ,9921121,米沢市万世町刈安24156-131,,2021/8/5,米沢市,37.8621337,140.2382672
,〇,ペンションかもしか,ペンションカモシカ,9921461,米沢市李山字大笠12118-24,,2021/10/29,米沢市,37.7772208,140.135728
,〇,ペンション木いちご,ペンションキイチゴ,9993112,上山市小倉字大森1968-43,,2021/10/7,上山市,38.15948381,140.3794755
,〇,ペンション　tooCotton,ペンショントゥコットン,9993114,上山市永野蔵王山2174,,2021/7/14,上山市,38.1243789,140.4086903
,〇,ペンションノエル,ペンションノエル,9993114,上山市蔵王坊平高原,,2021/7/21,上山市,38.12484923,140.3935565
,〇,ペンションPAL,ペンションパル,9921461,米沢市大字李山字大笠12118-20,,2021/7/14,米沢市,37.77772324,140.135787
,〇,ペンションぷうたろう,ペンシヨンプウタロウ,9902301,山形市蔵王温泉934-26,,2021/8/5,山形市,38.1629457,140.3947109
,〇,ペンションラビイハウス,ペンションラビイハウス,9993114,上山市永野字蔵王山国有林241林班二小班,,2021/11/1,上山市,38.12545131,140.3935814
,〇,宝寿の湯,ホウジュノユ,9920076,米沢市小野川町2584,,2021/6/25,米沢市,37.88088131,140.0524315
,〇,北海屋旅館,ホッカイヤリョカン,9970021,鶴岡市日吉町2-34,,2021/8/19,鶴岡市,38.7361105,139.8361656
,〇,ほてい屋旅館,ホテイヤリョカン,9996211,最上町大字大堀989,,2021/5/26,最上町,38.75444453,140.4125779
,〇,HOTEL STAYiN山王プラザ　プレミア　アネックス,ホテル　ステイイン　サンノウプラザ　プレミア　アネックス,9970011,鶴岡市末広町2-1,,2021/5/17,鶴岡市,38.73964856,139.8369865
,〇,HOTEL SLOW VILLAGE,ホテル　スロー　ビレッジ,9990602,飯豊町大字萩生3549-1,,2021/7/15,飯豊町,38.06287695,139.9917737
,〇,ホテル　フジ,ホテル　フジ,9960002,新庄市金沢2147-2,,2021/9/14,新庄市,38.7502986,140.3103344
,〇,ホテル　リモージュ,ホテル　リモージュ,9900031,山形市十日町1-1-35,,2021/6/10,山形市,38.24656286,140.3334915
,〇,ホテルアーバングレイスグラン,ホテルアーバングレイスグラン,9900039,山形市香澄町1-18-12,,2021/8/16,山形市,38.25084254,140.3295965
,〇,ホテルイン酒田,ホテルインサカタ,9980828,酒田市あきほ町650-4,,2021/7/9,酒田市,38.8911202,139.8500308
,〇,ホテルイン鶴岡,ホテルインツルオカ,9970857,鶴岡市美咲町33-27,,2021/6/4,鶴岡市,38.73507977,139.7969546
,〇,ホテルウィークリー的場,ホテルウィークリーマトバ,9930041,長井市九野本326-7,,2021/5/13,長井市,38.09085842,140.0345216
,〇,ホテル王将,ホテルオウショウ,9940025,天童市鎌田本町1-1-14,,2021/8/18,天童市,38.35959425,140.3813701
,〇,ホテルオークヒル,ホテルオークヒル,9902301,山形市蔵王温泉756,,2021/8/5,山形市,38.1717713,140.3965523
〇,〇,ホテルおとわ,ホテルオトワ,9920027,米沢市駅前2-1-40,,2021/10/11,米沢市,37.90953391,140.1267192
,〇,ホテルキャッスル,ホテルキャッスル,9900031,山形市十日町4-2-7,,2021/6/10,山形市,38.24584373,140.3345741
,〇,ホテルキャピタルイン山形,ホテルキャピタルインヤマガタ,9900038,山形市幸町12-36,,2021/10/22,山形市,38.243263,140.3272914
,〇,ホテル喜らく,ホテルキラク,9902301,山形市蔵王温泉字川前935-25,,2021/6/14,山形市,38.16336673,140.3952347
,〇,ホテルクラウンヒルズ山形,ホテルクラウンヒルズヤマガタ,9900039,山形市香澄町1-10-1,ブリーズベイ山形ビル3階,2021/9/24,山形市,38.24855061,140.3304463
,〇,ホテルグリーントーホク,ホテルグリーントーホク,9900031,山形市十日町1-8-9,,2021/6/8,山形市,38.24947712,140.3346862
,〇,ホテル紅葉館,ホテルコウヨウカン,9995205,鮭川村大字中渡1314-1,,2021/7/16,鮭川村,38.81512802,140.1523803
,〇,ホテルサンチェリー,ホテルサンチェリー,9910031,寒河江市本町1-2-23,,2021/9/2,寒河江市,38.3743317,140.2736318
,〇,ホテルサンリゾート庄内,ホテルサンリゾートショウナイ,9997464,鶴岡市由良3-17-21,,2021/5/18,鶴岡市,38.72520105,139.6940457
,〇,ホテル　シェーネスハイム金山,ホテルシェーネスハイム　カネヤマ,9995401,金山町大字有屋1400,,2021/7/1,金山町,38.9167601,140.3937182
,〇,ホテル自然観,ホテルシゼンカン,9901574,朝日町白倉745-1,,2021/8/19,朝日町,38.30498445,140.0584913
,〇,ホテルシンフォニーアネックス,ホテルシンフォニーアネックス,9910041,寒河江市寒河江久保11,,2021/9/10,寒河江市,38.36403206,140.256371
,〇,ホテルシンフォニー本館,ホテルシンフォニーホンカン,9910053,寒河江市元町1-3-13,,2021/7/20,寒河江市,38.3717413,140.2736486
,〇,HOTELSTAYIN山王プラザ,ホテルステイインサンノウプラザ,9970028,鶴岡市山王町6-8,,2021/7/27,鶴岡市,38.73176732,139.8332369
,〇,ホテルステイイン七日町,ホテルステイインナノカマチ,9900042,山形市七日町2-7-10,,2021/8/5,山形市,38.2535924,140.3397288
,〇,ホテルタウンサガエ,ホテルタウンサガエ,9910031,寒河江市本町3-4-8,,2021/8/5,寒河江市,38.3748739,140.2741018
,〇,ホテルつたや,ホテルツタヤ,9920031,米沢市大町3-1-20,,2021/9/1,米沢市,37.9087175,140.1151815
,〇,ホテルテトラリゾート鶴岡,ホテルテトラリゾートツルオカ,9971117,鶴岡市下川字東海林場358-3,,2021/8/5,鶴岡市,38.78471603,139.7597814
,〇,ホテルニュー最上屋,ホテルニューモガミヤ,9900039,山形市香澄町1-15-28,,2021/11/5,山形市,38.249645,140.3294871
,〇,ホテルビューくろだ,ホテルビュークロダ,9940024,天童市鎌田1-3-11,,2021/6/2,天童市,38.36109996,140.3831513
,〇,ホテル平成,ホテルヘイセイ,9920033,米沢市福田町1-1-8,,2021/6/11,米沢市,37.90038645,140.120743
,〇,ホテルベネックス米沢,ホテルベネックスヨネザワ,9920039,米沢市門東町3-2-16,,2021/6/23,米沢市,37.91060467,140.1113184
,〇,ホテル松金屋アネックス,ホテルマツカネヤアネックス,9902301,山形市蔵王温泉1267-16,,2021/6/8,山形市,38.16266241,140.3922091
,〇,ホテルメトロポリタン山形,ホテルメトロポリタンヤマガタ,9900039,山形市香澄町1-1-1,,2021/5/10,山形市,38.24830283,140.3276188
,〇,ホテルモントビュー米沢,ホテルモントビューヨネザワ,9920039,米沢市門東町3-3-1,,2021/11/12,米沢市,37.91216999,140.1101838
,〇,ホテルラルジャン蔵王,ホテルラルジャンザオウ,9902301,山形市蔵王温泉中森877-18,,2021/11/8,山形市,38.1653019,140.3987703
,〇,ホテルリッチ&ガーデン酒田,ホテルリッチアンドガーデンサカタ,9980834,酒田市若竹町1-1-1,,2021/6/10,酒田市,38.9079365,139.8354989
,〇,ホテルルーセントタカミヤ,ホテルルーセントタカミヤ,9902301,山形市蔵王温泉942,,2021/9/13,山形市,38.16498011,140.3945022
,〇,ホテルルートイン新庄駅前,ホテルルートインシンジョウエキマエ,9960002,新庄市金沢1109-6,,2021/10/18,新庄市,38.7632321,140.307
,〇,ホテルルートイン鶴岡インター,ホテルルートインツルオカインター,9970047,鶴岡市大塚町12-26,,2021/9/16,鶴岡市,38.7355971,139.8080728
,〇,ホテルルートイン山形南　-大学病院前-,ホテルルートインヤマガタミナミ　-ダイガクビョウインマエ-,9902331,山形市飯田西1-1-11,,2021/10/19,山形市,38.21666561,140.3231753
,〇,ほほえみの空湯舟　つるや,ホホエミノクウユフツルヤ,9940025,天童市鎌田本町2-5-14,,2021/6/4,天童市,38.35827319,140.3826025
,〇,ほほえみの宿滝の湯,ホホエミノヤドタキノユ,9940025,天童市鎌田本町1-1-30,,2021/7/8,天童市,38.35883772,140.3806921
,〇,保養所　むつみ荘,ホヨウジョ　ムツミソウ,9992211,南陽市赤湯233-1,,2021/7/7,南陽市,38.04569776,140.1671339
,〇,ほり旅館,ホリリョカン,9997464,鶴岡市由良2-3-33,,2021/9/17,鶴岡市,38.72086001,139.6894586
,〇,本館三春屋,ホンカンミハルヤ,9960301,大蔵村南山497,,2021/9/8,大蔵村,38.60747417,140.1666939
,〇,まいづるや,マイヅルヤ,9900734,西川町志津11,,2021/7/6,西川町,38.4912047,140.0000745
,〇,松井旅館,マツイリョカン,9960301,大蔵村南山491,,2021/10/14,大蔵村,38.60784002,140.166683
,〇,松葉館,マツバカン,9996211,最上町大字大堀1037,,2021/8/18,最上町,38.75416616,140.4107074
〇,〇,まむろ川温泉　梅里苑,マムロガワオンセン　バイリエン,9995311,真室川町平岡894-2,,2021/6/16,真室川町,38.86692649,140.2815628
,〇,水原旅館,ミズハラリョカン,9920027,米沢市駅前2-6-24,,2021/11/18,米沢市,37.91042602,140.1219393
,〇,みどりや旅館,ミドリヤリョカン,9996105,最上町大字冨澤847,,2021/7/30,最上町,38.71033302,140.5533362
,〇,港旅館,ミナトリョカン,9980281,酒田市飛島勝浦乙1-110,,2021/8/20,酒田市,39.18639646,139.5469304
,〇,深山荘　高見屋,ミヤマソウ　タカミヤ,9902301,山形市蔵王温泉54,,2021/9/16,山形市,38.16886382,140.3977668
,〇,民宿　咲,ミンシュク　サキ,9997126,鶴岡市鼠ケ関乙24,,2021/8/26,鶴岡市,38.55796516,139.5464526
,〇,民宿　丸武,ミンシュク　マルタケ,9997126,鶴岡市鼠ヶ関1-3,,2021/7/7,鶴岡市,38.55863992,139.5485308
,〇,民宿奥川入,ミンシュクオクカワイ,9991522,小国町大字小玉川576,,2021/8/27,小国町,37.95331464,139.6647966
,〇,民宿さいとう,ミンシュクサイトウ,9991452,小国町五味沢1085,,2021/8/6,小国町,38.15220987,139.7801135
,〇,民宿　さくお,ミンシュクサクオ,9900721,西川町大字大井沢1522-1,,2021/9/24,西川町,38.39626423,139.9943418
,〇,民宿　たなか　ふきのとう,ミンシュクタナカ　フキノトウ,9996403,戸沢村角川1316-2,,2021/9/3,戸沢村,38.6768754,140.1644442
,〇,民宿みのり荘,ミンシュクミノリソウ,9980281,酒田市飛島字勝浦乙152,,2021/10/19,酒田市,39.188121,139.5478552
,〇,民謡の宿　あづまや,ミンヨウノヤド　アヅマヤ,9993702,東根市温泉町2-2-2,,2021/9/17,東根市,38.45859821,140.3904095
,〇,村上屋旅館,ムラカミヤリョカン,9970034,鶴岡市本町1-2-17,,2021/6/21,鶴岡市,38.72925985,139.8319902
,〇,村山西口ホテル,ムラヤマニシグチホテル,9950038,村山市駅西3-20,,2021/8/3,村山市,38.47722182,140.385873
,〇,名月荘,メイゲツソウ,9993242,上山市葉山5-50,,2021/5/13,上山市,38.15074524,140.2603896
,〇,名湯舎　創,メイトウヤ　ソウ,9902301,山形市蔵王温泉48,,2021/8/5,山形市,38.1682479,140.3976893
,〇,最上高湯　善七乃湯,モガミタカユ　ゼンシチノユ,9902301,山形市蔵王温泉荒敷825,,2021/8/27,山形市,38.16800098,140.3997172
,〇,最上屋旅館,モガミヤリョカン,9994116,大石田町駅前通り8-7,,2021/7/15,大石田町,38.59475416,140.3750544
,〇,森の湯,モリノユ,9992211,南陽市赤湯548,,2021/6/17,南陽市,38.04864135,140.168351
,〇,安野旅館,ヤスノリョカン,9970345,鶴岡市中田字追分28,,2021/7/5,鶴岡市,38.67038728,139.8451641
,〇,yamagata glam,ヤマガタ　グラム,9950209,村山市碁点999-19,,2021/8/30,村山市,38.48583753,140.3447631
,〇,山形駅西口ワシントンホテル,ヤマガタエキニシグチワシントンホテル,9908580,山形市城南町1-1-1,,2021/5/27,山形市,38.24988236,140.3273796
,〇,山形グランドホテル,ヤマガタグランドホテル,9900043,山形市本町1-7-42,,2021/7/19,山形市,38.25067264,140.3372924
,〇,山形県市町村職員共済組合　湯野浜温泉保養所　うしお荘,ヤマガタケンシチョウソンショクインキョウサイクミアイ　ユノハマオンセンホヨウジョ　ウシオソウ,9971201,鶴岡市湯野浜1-11-23,,2021/8/5,鶴岡市,38.78251943,139.7526636
,〇,山形県身体障がい者保養所東紅苑,ヤマガタケンシンタイショウガイシャホヨウジョトウコウエン,9993702,東根市温泉町2-16-1,,2021/5/20,東根市,38.4620475,140.3891659
,〇,山形国際ホテル,ヤマガタコクサイホテル,9900039,山形市香澄町3-4-5,,2021/6/21,山形市,38.245823,140.3314426
,〇,山形七日町ワシントンホテル,ヤマガタナノカマチワシントンホテル,9900042,山形市七日町1-4-31,,2021/5/12,山形市,38.25364269,140.338966
,〇,山城屋旅館,ヤマシロヤリョカン,9900039,山形市香澄町1-18-20,,2021/8/11,山形市,38.25073929,140.3291951
,〇,有限会社　ゑびす屋,ユウゲンカイシャ　エビスヤ,9960301,大蔵村大字南山526,,2021/6/22,大蔵村,38.60674822,140.1654868
,〇,優心の宿　観月,ユウシンノヤド　カンゲツ,9960301,大蔵村大字南山516,,2021/8/30,大蔵村,38.60739496,140.1654398
,〇,游水亭いさごや,ユウスイテイイサゴヤ,9971201,鶴岡市湯野浜1-8-7,,2021/6/17,鶴岡市,38.77925379,139.7505053
,〇,悠湯の郷　ゆさ,ユウユノサト　ユサ,9902311,山形市大字黒沢319-2,,2021/5/14,山形市,38.1906055,140.3031819
,〇,悠湯の宿　湯澤屋,ユウユノヤド　ユザワヤ,9996105,最上町大字富澤854-1,,2021/8/10,最上町,38.7106253,140.5528879
,〇,愉海亭みやじま,ユカイテイミヤジマ,9971201,鶴岡市湯野浜1-6-4,,2021/5/11,鶴岡市,38.77785793,139.7491555
,〇,雪城（ゆきしろ）,ユキシロ,9900734,西川町大字志津5,,2021/7/12,西川町,38.49090981,140.0001726
,〇,湯田川温泉　ますや旅館,ユタガワオンセン　マスヤリョカン,9970752,鶴岡市湯田川乙63,,2021/6/1,鶴岡市,38.69368447,139.7695012
,〇,湯滝の宿　西屋,ユタキノヤド　ニシヤ,9921472,米沢市大字関1527,,2021/8/23,米沢市,37.77957558,140.1190665
,〇,湯どの庵,ユドノアン,9970752,鶴岡市湯田川乙38,,2021/11/11,鶴岡市,38.69307444,139.7692188
,〇,湯殿山参籠所,ユドノサンサンロウジョ,9970532,鶴岡市田麦俣字六十里山7,,2021/7/12,鶴岡市,38.54045579,139.976012
,〇,湯沼温泉,ユヌマオンセン,9920342,高畠町大字竹森5122,,2021/6/10,高畠町,38.0380038,140.2004703
,〇,湯の香　松の湯,ユノカ　マツノユ,9940025,天童市鎌田本町2-2-54,,2021/6/2,天童市,38.35884548,140.3833851
,〇,湯の澤温泉　地蔵の湯,ユノサワオンセン　ジゾウノユ,9997652,鶴岡市添川字湯ノ沢5-甲,,2021/6/30,鶴岡市,38.74743735,139.9719862
,〇,湯の沢温泉　時の宿すみれ,ユノサワオンセン　トキノヤドスミレ,9921205,米沢市関根12703-4,,2021/9/27,米沢市,37.85820154,140.1575172
,〇,湯の瀬旅館,ユノセリョカン,9997202,鶴岡市戸沢字神子谷103-2,,2021/9/30,鶴岡市,38.637827,139.704306
,〇,湯野浜ホテル,ユノハマホテル,9971201,鶴岡市湯野浜1-3-36,,2021/7/12,鶴岡市,38.77869986,139.7505682
,〇,ゆめみの宿観松館,ユメミノヤドカンショウカン,9996211,最上町大堀987,,2021/6/11,最上町,38.75411947,140.4135521
,〇,湯杜　匠味庵　山川,ユモリ　ショウミアン　ヤマカワ,9920076,米沢市小野川町2436,,2021/9/22,米沢市,37.8805266,140.0546411
,〇,湯守の宿　三之亟,ユモリノヤド　サンノジョウ,9996105,最上町富沢884,,2021/8/26,最上町,38.71136336,140.5507993
,〇,湯宿　元河原湯,ユヤド　モトカワラユ,9960301,大蔵村南山454-1,,2021/5/18,大蔵村,38.60926228,140.1674355
,〇,湯宿升形屋,ユヤドマスガタヤ,9992221,南陽市椚塚1291-1,,2021/8/2,南陽市,38.04562438,140.1659842
,〇,由良温泉　八乙女,ユラオンセン　ヤオトメ,9997464,鶴岡市由良3-16-31,,2021/5/12,鶴岡市,38.724612,139.6921208
,〇,吉田屋旅館,ヨシダヤリョカン,9902301,山形市蔵王温泉13,,2021/6/28,山形市,38.16840107,140.3969804
,〇,理太夫旅館,リダユウリョカン,9970752,鶴岡市湯田川乙51,,2021/5/26,鶴岡市,38.69346321,139.7694367
,〇,りふれ,リフレ,9991452,小国町大字五味沢513,,2021/8/6,小国町,38.16027995,139.7883955
〇,〇,料理・宿　坂本屋,リョウリ・ヤド　サカモトヤ,9997463,鶴岡市三瀬己91,,2021/7/15,鶴岡市,38.7032041,139.6668638
,〇,旅館　小川屋,リョカン　オガワヤ,9996211,最上町大字大堀990,,2021/7/8,最上町,38.75419322,140.4124762
,〇,旅館　静山荘,リョカン　セイザンソウ,9993242,上山市葉山5-63,,2021/9/14,上山市,38.14876142,140.2626613
,〇,旅館　大文字屋,リョカン　ダイモンジヤ,9992211,南陽市赤湯1003,,2021/12/7,南陽市,38.05056542,140.1683717
,〇,旅館　永澤平八,リョカン　ナガサワヘイハチ,9994333,尾花沢市大字銀山新畑445,,2021/9/7,尾花沢市,38.56957018,140.531288
,〇,旅館　藤屋,リョカン　フジヤ,9994333,尾花沢市大字銀山新畑443,,2021/6/14,尾花沢市,38.56960137,140.5312013
,〇,旅館　最上荘,リョカン　モガミソウ,9996105,最上町大字富沢819,,2021/8/10,最上町,38.70927471,140.5548297
,〇,旅館　最上荘,リョカン　モガミソウ,9930001,長井市ままの上4-10,,2021/12/2,長井市,38.10774481,140.039852
,〇,旅館　湯の宿　伊藤屋,リョカン　ユノヤド　イトウヤ,9902301,山形市蔵王温泉21,,2021/5/31,山形市,38.16800801,140.3956284
,〇,旅館エビスヤ,リョカンエビスヤ,9920351,高畠町大字高畠812-1,,2021/6/3,高畠町,38.0004076,140.1957989
,〇,旅館おばこ,リョカンオバコ,9980281,酒田市飛島字勝浦乙132-19,,2021/10/13,酒田市,39.18729704,139.5474496
,〇,旅館さくら湯,リョカンサクラユ,9993702,東根市温泉町1-9-3,,2021/7/13,東根市,38.45775742,140.3891813
,〇,旅館　仙台屋,リョカンセンダイヤ,9900734,西川町志津22,,2021/7/12,西川町,38.49199392,139.9994353
,〇,旅館仁三郎,リョカンニサブロウ,9997463,鶴岡市三瀬己301-308,,2021/9/22,鶴岡市,38.6869208,139.6778115
,〇,旅館三恵,リョカンミツエ,9993242,上山市葉山4-21,,2021/8/31,上山市,38.14789601,140.2625887
,〇,旅館大和屋,リョカンヤマトヤ,9992211,南陽市赤湯972,,2021/8/6,南陽市,38.05026676,140.1672692
,〇,旅館勇蔵,リョカンユウゾウ,9960301,大蔵村南山480,,2021/11/8,大蔵村,38.6079751,140.1671412
,〇,ル・ベール蔵王,ル・ベールザオウ,9902301,山形市蔵王温泉878-5,,2021/7/21,山形市,38.1660953,140.3988428
〇,〇,レストイン花笠,レストインハナガサ,9900733,西川町大字月山沢110,,2021/6/18,西川町,38.45479676,140.0072254
〇,〇,ログハウス三百坊,ログハウスサンビャクボウ,9902405,山形市大字土坂376-15,,2021/11/19,山形市,38.1961674,140.3752223
〇,〇,ロッジ・スコーレ/ロッジ・スコーレカフェ,ロッジ・スコーレ/ロッジ・スコーレカフェ,9902301,山形市蔵王温泉746,,2021/11/1,山形市,38.17015609,140.3952384
,〇,ロッヂ　スガノ,ロッヂ　スガノ,9902301,山形市蔵王温泉878-25,,2021/10/15,山形市,38.1664217,140.3981836
,〇,若松屋　村井六助,ワカマツヤ　ムライロクスケ,9960301,大蔵村大字南山496,,2021/7/19,大蔵村,38.607663,140.1664818
〇,〇,わくわくファーム前森高原,ワクワクファームマエモリコウゲン,9996101,最上町大字向町2135,,2021/8/10,最上町,38.79851454,140.5550626
,〇,わらべ唄の宿　湯の原,ワラベウタノヤド　ユノハラ,9996105,最上町大字富沢819-4,,2021/6/9,最上町,38.70934323,140.5557993
